{"cameraMode":{"drawMode":0,"name":"Shaded","section":"Shading Mode"},"sceneLighting":false,"audioPlay":false,"sceneViewState":{"showFog":true,"showMaterialUpdate":false,"showSkybox":false,"showFlares":true,"showImageEffects":true,"showParticleSystems":true},"in2DMode":false,"pivot":{"x":5.106956481933594,"y":-1.4943580627441407,"z":-19.730445861816408},"rotation":{"x":-0.17102175951004029,"y":0.8008162975311279,"z":-0.2705553472042084,"w":-0.5062074065208435},"size":16.555007934570314,"orthographic":false}