{"cameraMode":{"drawMode":0,"name":"Shaded","section":"Shading Mode"},"sceneLighting":false,"audioPlay":false,"sceneViewState":{"showFog":true,"showMaterialUpdate":false,"showSkybox":false,"showFlares":true,"showImageEffects":true,"showParticleSystems":true},"in2DMode":false,"pivot":{"x":6.513237476348877,"y":-16.039249420166017,"z":-6.357603073120117},"rotation":{"x":-0.040100473910570148,"y":0.9243056774139404,"z":-0.36576470732688906,"w":-0.10133643448352814},"size":46.0062141418457,"orthographic":false}