{"cameraMode":{"drawMode":0,"name":"Shaded","section":"Shading Mode"},"sceneLighting":false,"audioPlay":false,"sceneViewState":{"showFog":true,"showMaterialUpdate":false,"showSkybox":true,"showFlares":true,"showImageEffects":true,"showParticleSystems":true},"in2DMode":false,"pivot":{"x":1.6650817394256592,"y":-11.177644729614258,"z":9.004894256591797},"rotation":{"x":0.29635685682296755,"y":-0.011460576206445694,"z":0.003556456184014678,"w":0.9550018906593323},"size":60.37833023071289,"orthographic":false}