{"cameraMode":{"drawMode":0,"name":"Shaded","section":"Shading Mode"},"sceneLighting":false,"audioPlay":false,"sceneViewState":{"showFog":true,"showMaterialUpdate":false,"showSkybox":true,"showFlares":true,"showImageEffects":true,"showParticleSystems":true},"in2DMode":false,"pivot":{"x":53.23431396484375,"y":-23.217788696289064,"z":17.616676330566408},"rotation":{"x":0.011032887734472752,"y":0.8907118439674377,"z":-0.4539202153682709,"w":0.02164919488132},"size":193.71890258789063,"orthographic":false}