{"cameraMode":{"drawMode":0,"name":"Shaded","section":"Shading Mode"},"sceneLighting":false,"audioPlay":false,"sceneViewState":{"showFog":true,"showMaterialUpdate":false,"showSkybox":true,"showFlares":true,"showImageEffects":true,"showParticleSystems":true},"in2DMode":false,"pivot":{"x":2.983760356903076,"y":0.8525097966194153,"z":-12.797697067260743},"rotation":{"x":-0.2886975109577179,"y":-0.5953693985939026,"z":0.24222636222839356,"w":-0.7095897793769836},"size":0.6650627851486206,"orthographic":false}