{"cameraMode":{"drawMode":0,"name":"Shaded","section":"Shading Mode"},"sceneLighting":false,"audioPlay":false,"sceneViewState":{"showFog":true,"showMaterialUpdate":false,"showSkybox":true,"showFlares":true,"showImageEffects":true,"showParticleSystems":true},"in2DMode":false,"pivot":{"x":1.2599999904632569,"y":0.19099999964237214,"z":-6.519999980926514},"rotation":{"x":-0.28563201427459719,"y":-0.6991205215454102,"z":0.368254691362381,"w":-0.5422631502151489},"size":22.857664108276368,"orthographic":false}