{"cameraMode":{"drawMode":0,"name":"Shaded","section":"Shading Mode"},"sceneLighting":false,"audioPlay":false,"sceneViewState":{"showFog":true,"showMaterialUpdate":false,"showSkybox":true,"showFlares":true,"showImageEffects":true,"showParticleSystems":true},"in2DMode":false,"pivot":{"x":2.520033359527588,"y":-0.037839531898498538,"z":-11.805048942565918},"rotation":{"x":-0.2359587550163269,"y":0.26474231481552126,"z":-0.06698212027549744,"w":-0.9326051473617554},"size":8.401334762573243,"orthographic":false}