{"cameraMode":{"drawMode":0,"name":"Shaded","section":"Shading Mode"},"sceneLighting":false,"audioPlay":false,"sceneViewState":{"showFog":true,"showMaterialUpdate":false,"showSkybox":true,"showFlares":true,"showImageEffects":true,"showParticleSystems":true},"in2DMode":false,"pivot":{"x":-1.8393135070800782,"y":-3.6215591430664064,"z":-9.327316284179688},"rotation":{"x":-0.06495324522256851,"y":0.9325194358825684,"z":-0.28418636322021487,"w":-0.21313555538654328},"size":45.65313720703125,"orthographic":false}