{"cameraMode":{"drawMode":0,"name":"Shaded","section":"Shading Mode"},"sceneLighting":false,"audioPlay":false,"sceneViewState":{"showFog":true,"showMaterialUpdate":false,"showSkybox":true,"showFlares":true,"showImageEffects":true,"showParticleSystems":true},"in2DMode":false,"pivot":{"x":0.9742729663848877,"y":0.6938493251800537,"z":-11.655415534973145},"rotation":{"x":-0.06093769893050194,"y":0.8862686157226563,"z":-0.12201225012540817,"w":-0.4426376521587372},"size":26.40191078186035,"orthographic":false}