{"cameraMode":{"drawMode":0,"name":"Shaded","section":"Shading Mode"},"sceneLighting":false,"audioPlay":false,"sceneViewState":{"showFog":true,"showMaterialUpdate":false,"showSkybox":true,"showFlares":true,"showImageEffects":true,"showParticleSystems":true},"in2DMode":false,"pivot":{"x":4.756402015686035,"y":0.706608772277832,"z":-0.9050583839416504},"rotation":{"x":-0.18237179517745973,"y":-0.7318130135536194,"z":0.21511755883693696,"w":-0.620416522026062},"size":869.74072265625,"orthographic":false}