{"cameraMode":{"drawMode":0,"name":"Shaded","section":"Shading Mode"},"sceneLighting":false,"audioPlay":false,"sceneViewState":{"showFog":true,"showMaterialUpdate":false,"showSkybox":true,"showFlares":true,"showImageEffects":true,"showParticleSystems":true},"in2DMode":false,"pivot":{"x":-0.5394439697265625,"y":-2.839676856994629,"z":4.049088478088379},"rotation":{"x":0.27465301752090456,"y":0.5280467867851257,"z":-0.1854923814535141,"w":0.7818806767463684},"size":17.82240104675293,"orthographic":false}