{"cameraMode":{"drawMode":0,"name":"Shaded","section":"Shading Mode"},"sceneLighting":false,"audioPlay":false,"sceneViewState":{"showFog":true,"showMaterialUpdate":false,"showSkybox":false,"showFlares":true,"showImageEffects":true,"showParticleSystems":true},"in2DMode":false,"pivot":{"x":-0.04653209447860718,"y":0.9930911660194397,"z":0.12551432847976685},"rotation":{"x":-0.26859110593795779,"y":0.27760088443756106,"z":-0.08114579319953919,"w":-0.9188159704208374},"size":1.6011595726013184,"orthographic":false}