{"cameraMode":{"drawMode":0,"name":"Shaded","section":"Shading Mode"},"sceneLighting":false,"audioPlay":false,"sceneViewState":{"showFog":true,"showMaterialUpdate":false,"showSkybox":true,"showFlares":true,"showImageEffects":true,"showParticleSystems":true},"in2DMode":false,"pivot":{"x":4.720822334289551,"y":1.8135395050048829,"z":-15.775837898254395},"rotation":{"x":-0.05107490345835686,"y":0.9301978945732117,"z":-0.3346131443977356,"w":-0.14198391139507295},"size":16.341703414916993,"orthographic":false}