{"cameraMode":{"drawMode":0,"name":"Shaded","section":"Shading Mode"},"sceneLighting":false,"audioPlay":false,"sceneViewState":{"showFog":true,"showMaterialUpdate":false,"showSkybox":true,"showFlares":true,"showImageEffects":true,"showParticleSystems":true},"in2DMode":false,"pivot":{"x":-18.581104278564454,"y":-3.8408775329589845,"z":6.244909286499023},"rotation":{"x":-0.17339280247688294,"y":0.6367573142051697,"z":-0.149972602725029,"w":-0.7361960411071777},"size":82.3345718383789,"orthographic":false}