{"cameraMode":{"drawMode":0,"name":"Shaded","section":"Shading Mode"},"sceneLighting":false,"audioPlay":false,"sceneViewState":{"showFog":true,"showMaterialUpdate":false,"showSkybox":true,"showFlares":true,"showImageEffects":true,"showParticleSystems":true},"in2DMode":false,"pivot":{"x":-10.249619483947754,"y":-8.981233596801758,"z":20.00031852722168},"rotation":{"x":0.26174476742744448,"y":-0.021713178604841234,"z":0.005890290718525648,"w":0.9648745059967041},"size":58.999603271484378,"orthographic":false}