{"cameraMode":{"drawMode":0,"name":"Shaded","section":"Shading Mode"},"sceneLighting":false,"audioPlay":false,"sceneViewState":{"showFog":true,"showMaterialUpdate":false,"showSkybox":true,"showFlares":true,"showImageEffects":true,"showParticleSystems":true},"in2DMode":false,"pivot":{"x":2.1174802780151369,"y":0.8142141103744507,"z":-11.46338176727295},"rotation":{"x":-0.01840675249695778,"y":-0.9685509204864502,"z":0.23640331625938416,"w":-0.075411856174469},"size":4.358462810516357,"orthographic":false}