{"cameraMode":{"drawMode":0,"name":"Shaded","section":"Shading Mode"},"sceneLighting":false,"audioPlay":false,"sceneViewState":{"showFog":true,"showMaterialUpdate":false,"showSkybox":true,"showFlares":true,"showImageEffects":true,"showParticleSystems":true},"in2DMode":false,"pivot":{"x":2.291653633117676,"y":0.05866527557373047,"z":-1.4001741409301758},"rotation":{"x":0.14366848766803742,"y":-0.8237680196762085,"z":0.24000287055969239,"w":0.4931172728538513},"size":29.831636428833009,"orthographic":false}