{"cameraMode":{"drawMode":0,"name":"Shaded","section":"Shading Mode"},"sceneLighting":false,"audioPlay":false,"sceneViewState":{"showFog":true,"showMaterialUpdate":false,"showSkybox":false,"showFlares":true,"showImageEffects":true,"showParticleSystems":true},"in2DMode":false,"pivot":{"x":6.616275787353516,"y":0.1043425053358078,"z":-1.2435030937194825},"rotation":{"x":0.043697208166122439,"y":-0.9544531106948853,"z":0.17604732513427735,"w":0.236907958984375},"size":0.7370133399963379,"orthographic":false}