{"cameraMode":{"drawMode":0,"name":"Shaded","section":"Shading Mode"},"sceneLighting":false,"audioPlay":false,"sceneViewState":{"showFog":true,"showMaterialUpdate":false,"showSkybox":true,"showFlares":true,"showImageEffects":true,"showParticleSystems":true},"in2DMode":false,"pivot":{"x":8.676531791687012,"y":-0.00818750262260437,"z":-13.721734046936036},"rotation":{"x":0.042838457971811298,"y":0.9225223660469055,"z":-0.10731766372919083,"w":0.3682551085948944},"size":2.5809268951416017,"orthographic":false}