{"cameraMode":{"drawMode":0,"name":"Shaded","section":"Shading Mode"},"sceneLighting":false,"audioPlay":false,"sceneViewState":{"showFog":true,"showMaterialUpdate":false,"showSkybox":true,"showFlares":true,"showImageEffects":true,"showParticleSystems":true},"in2DMode":false,"pivot":{"x":8.468437194824219,"y":0.30144810676574709,"z":-11.601430892944336},"rotation":{"x":0.06241190433502197,"y":-0.9068998098373413,"z":0.14486493170261384,"w":0.3907175064086914},"size":3.1928508281707765,"orthographic":false}