{"cameraMode":{"drawMode":0,"name":"Shaded","section":"Shading Mode"},"sceneLighting":false,"audioPlay":false,"sceneViewState":{"showFog":true,"showMaterialUpdate":false,"showSkybox":true,"showFlares":true,"showImageEffects":true,"showParticleSystems":true},"in2DMode":false,"pivot":{"x":0.5888406038284302,"y":0.7170720100402832,"z":-10.436661720275879},"rotation":{"x":-0.22532305121421815,"y":-0.3128044903278351,"z":0.07665152847766876,"w":-0.9195173382759094},"size":5.541659355163574,"orthographic":false}