{"cameraMode":{"drawMode":0,"name":"Shaded","section":"Shading Mode"},"sceneLighting":false,"audioPlay":false,"sceneViewState":{"showFog":true,"showMaterialUpdate":false,"showSkybox":true,"showFlares":true,"showImageEffects":true,"showParticleSystems":true},"in2DMode":false,"pivot":{"x":16.267303466796876,"y":-18.2421875,"z":-4.40234375},"rotation":{"x":-0.7186792492866516,"y":-0.0004115245828870684,"z":0.0004259195411577821,"w":-0.6953449845314026},"size":37.97510528564453,"orthographic":true}