{"cameraMode":{"drawMode":0,"name":"Shaded","section":"Shading Mode"},"sceneLighting":false,"audioPlay":false,"sceneViewState":{"showFog":true,"showMaterialUpdate":false,"showSkybox":true,"showFlares":true,"showImageEffects":true,"showParticleSystems":true},"in2DMode":false,"pivot":{"x":-0.00017517805099487305,"y":1.0062427520751954,"z":0.0},"rotation":{"x":0.27465301752090456,"y":0.5280467867851257,"z":-0.1854923814535141,"w":0.7818806767463684},"size":35.28550720214844,"orthographic":false}