{"cameraMode":{"drawMode":0,"name":"Shaded","section":"Shading Mode"},"sceneLighting":false,"audioPlay":false,"sceneViewState":{"showFog":true,"showMaterialUpdate":false,"showSkybox":true,"showFlares":true,"showImageEffects":true,"showParticleSystems":true},"in2DMode":false,"pivot":{"x":-14.251680374145508,"y":-1.4375,"z":-3.076195001602173},"rotation":{"x":0.28614842891693118,"y":-0.03448524698615074,"z":0.010305789299309254,"w":0.9575098752975464},"size":95.68577575683594,"orthographic":true}