{"cameraMode":{"drawMode":0,"name":"Shaded","section":"Shading Mode"},"sceneLighting":false,"audioPlay":false,"sceneViewState":{"showFog":true,"showMaterialUpdate":false,"showSkybox":true,"showFlares":true,"showImageEffects":true,"showParticleSystems":true},"in2DMode":false,"pivot":{"x":4.024649620056152,"y":1.773160696029663,"z":-7.851456165313721},"rotation":{"x":0.21269841492176057,"y":-0.36866140365600588,"z":0.0870579183101654,"w":0.90070641040802},"size":8.292540550231934,"orthographic":false}