{"cameraMode":{"drawMode":0,"name":"Shaded","section":"Shading Mode"},"sceneLighting":false,"audioPlay":false,"sceneViewState":{"showFog":true,"showMaterialUpdate":false,"showSkybox":true,"showFlares":true,"showImageEffects":true,"showParticleSystems":true},"in2DMode":false,"pivot":{"x":2.2635107040405275,"y":1.8759324550628663,"z":-12.112727165222168},"rotation":{"x":-0.0013821304310113192,"y":0.9985717535018921,"z":0.03265528380870819,"w":0.042265817523002627},"size":1.6026890277862549,"orthographic":false}