{"cameraMode":{"drawMode":0,"name":"Shaded","section":"Shading Mode"},"sceneLighting":false,"audioPlay":false,"sceneViewState":{"showFog":true,"showMaterialUpdate":false,"showSkybox":false,"showFlares":true,"showImageEffects":true,"showParticleSystems":true},"in2DMode":false,"pivot":{"x":-0.10242508351802826,"y":-0.02318549156188965,"z":2.775602340698242},"rotation":{"x":-0.12506987154483796,"y":0.002389481756836176,"z":-0.000297659746138379,"w":-0.9921506643295288},"size":4.809473514556885,"orthographic":false}