{"cameraMode":{"drawMode":0,"name":"Shaded","section":"Shading Mode"},"sceneLighting":false,"audioPlay":false,"sceneViewState":{"showFog":true,"showMaterialUpdate":false,"showSkybox":true,"showFlares":true,"showImageEffects":true,"showParticleSystems":true},"in2DMode":false,"pivot":{"x":0.3859270513057709,"y":0.9530752897262573,"z":-0.5442506074905396},"rotation":{"x":0.00893375650048256,"y":0.9749090671539307,"z":-0.21883760392665864,"w":0.03979934751987457},"size":2.4054808616638185,"orthographic":false}