{"cameraMode":{"drawMode":0,"name":"Shaded","section":"Shading Mode"},"sceneLighting":false,"audioPlay":false,"sceneViewState":{"showFog":true,"showMaterialUpdate":false,"showSkybox":true,"showFlares":true,"showImageEffects":true,"showParticleSystems":true},"in2DMode":false,"pivot":{"x":30.74039077758789,"y":13.645050048828125,"z":-7.947153091430664},"rotation":{"x":0.15728017687797547,"y":-0.804631233215332,"z":0.24441061913967133,"w":0.5177847146987915},"size":60.04789733886719,"orthographic":false}