{"cameraMode":{"drawMode":0,"name":"Shaded","section":"Shading Mode"},"sceneLighting":false,"audioPlay":false,"sceneViewState":{"showFog":true,"showMaterialUpdate":false,"showSkybox":true,"showFlares":true,"showImageEffects":true,"showParticleSystems":true},"in2DMode":false,"pivot":{"x":8.282000541687012,"y":0.0,"z":-13.638999938964844},"rotation":{"x":0.03218737244606018,"y":0.9662775993347168,"z":-0.1507960855960846,"w":0.20625975728034974},"size":3.480926752090454,"orthographic":false}