{"cameraMode":{"drawMode":0,"name":"Shaded","section":"Shading Mode"},"sceneLighting":false,"audioPlay":false,"sceneViewState":{"showFog":true,"showMaterialUpdate":false,"showSkybox":true,"showFlares":true,"showImageEffects":true,"showParticleSystems":true},"in2DMode":false,"pivot":{"x":14.225082397460938,"y":6.610820770263672,"z":-6.9243316650390629},"rotation":{"x":-0.06495324522256851,"y":0.9325194358825684,"z":-0.28418636322021487,"w":-0.21313555538654328},"size":95.68577575683594,"orthographic":false}