{"cameraMode":{"drawMode":0,"name":"Shaded","section":"Shading Mode"},"sceneLighting":false,"audioPlay":false,"sceneViewState":{"showFog":true,"showMaterialUpdate":false,"showSkybox":true,"showFlares":true,"showImageEffects":true,"showParticleSystems":true},"in2DMode":false,"pivot":{"x":-0.8168109655380249,"y":3.680234432220459,"z":-9.383405685424805},"rotation":{"x":0.32316821813583376,"y":0.38880661129951479,"z":-0.14781907200813294,"w":0.8500267863273621},"size":14.625178337097168,"orthographic":false}