{"cameraMode":{"drawMode":0,"name":"Shaded","section":"Shading Mode"},"sceneLighting":false,"audioPlay":false,"sceneViewState":{"showFog":true,"showMaterialUpdate":false,"showSkybox":true,"showFlares":true,"showImageEffects":true,"showParticleSystems":true},"in2DMode":false,"pivot":{"x":-16.29882049560547,"y":-1.0053939819335938,"z":9.572509765625},"rotation":{"x":-0.06495324522256851,"y":0.9325194358825684,"z":-0.28418636322021487,"w":-0.21313555538654328},"size":95.68577575683594,"orthographic":false}