{"cameraMode":{"drawMode":0,"name":"Shaded","section":"Shading Mode"},"sceneLighting":false,"audioPlay":false,"sceneViewState":{"showFog":true,"showMaterialUpdate":false,"showSkybox":false,"showFlares":true,"showImageEffects":true,"showParticleSystems":true},"in2DMode":false,"pivot":{"x":-3.6914710998535158,"y":-2.2331790924072267,"z":7.815576553344727},"rotation":{"x":0.11016876995563507,"y":0.8535999059677124,"z":-0.4677762985229492,"w":0.20103639364242555},"size":32.848411560058597,"orthographic":false}